-- 销售管理系统 Demo SQLite 数据库
-- 用户 20 | 产品 20 | 订单 60 | 订单明细 | 投诉 10

PRAGMA foreign_keys = ON;

DROP TABLE IF EXISTS order_complaints;
DROP TABLE IF EXISTS order_items;
DROP TABLE IF EXISTS orders;
DROP TABLE IF EXISTS products;
DROP TABLE IF EXISTS users;

CREATE TABLE users (
    id INTEGER PRIMARY KEY,
    name TEXT NOT NULL,
    phone TEXT,
    email TEXT,
    city TEXT,
    level TEXT NOT NULL DEFAULT 'normal' CHECK (level IN ('vip', 'normal')),
    created_at TEXT NOT NULL
);

CREATE TABLE products (
    id INTEGER PRIMARY KEY,
    sku TEXT NOT NULL UNIQUE,
    name TEXT NOT NULL,
    category TEXT,
    price REAL NOT NULL,
    stock INTEGER NOT NULL DEFAULT 0
);

CREATE TABLE orders (
    id INTEGER PRIMARY KEY,
    order_no TEXT NOT NULL UNIQUE,
    user_id INTEGER NOT NULL REFERENCES users(id),
    status TEXT NOT NULL CHECK (status IN ('pending', 'paid', 'shipped', 'completed', 'cancelled')),
    total_amount REAL NOT NULL,
    created_at TEXT NOT NULL,
    shipped_at TEXT
);

CREATE TABLE order_items (
    id INTEGER PRIMARY KEY,
    order_id INTEGER NOT NULL REFERENCES orders(id),
    product_id INTEGER NOT NULL REFERENCES products(id),
    quantity INTEGER NOT NULL DEFAULT 1,
    unit_price REAL NOT NULL
);

CREATE TABLE order_complaints (
    id INTEGER PRIMARY KEY,
    order_id INTEGER NOT NULL REFERENCES orders(id),
    user_id INTEGER NOT NULL REFERENCES users(id),
    type TEXT NOT NULL CHECK (type IN ('quality', 'logistics', 'service', 'refund')),
    content TEXT NOT NULL,
    status TEXT NOT NULL DEFAULT 'open' CHECK (status IN ('open', 'processing', 'resolved', 'closed')),
    created_at TEXT NOT NULL,
    resolved_at TEXT
);

CREATE INDEX idx_orders_user_id ON orders(user_id);
CREATE INDEX idx_orders_status ON orders(status);
CREATE INDEX idx_orders_created_at ON orders(created_at);
CREATE INDEX idx_order_items_order_id ON order_items(order_id);
CREATE INDEX idx_order_complaints_order_id ON order_complaints(order_id);
CREATE INDEX idx_order_complaints_type ON order_complaints(type);
CREATE INDEX idx_order_complaints_status ON order_complaints(status);

-- 20 用户
INSERT INTO users (id, name, phone, email, city, level, created_at) VALUES
(1, '张伟', '13800010001', 'zhangwei@example.com', '上海', 'vip', '2024-06-01 10:00:00'),
(2, '李娜', '13800010002', 'lina@example.com', '北京', 'normal', '2024-06-05 11:00:00'),
(3, '王芳', '13800010003', 'wangfang@example.com', '广州', 'vip', '2024-06-10 09:30:00'),
(4, '刘强', '13800010004', 'liuqiang@example.com', '深圳', 'normal', '2024-07-01 14:20:00'),
(5, '陈静', '13800010005', 'chenjing@example.com', '杭州', 'vip', '2024-07-15 16:00:00'),
(6, '杨洋', '13800010006', 'yangyang@example.com', '成都', 'normal', '2024-08-01 08:45:00'),
(7, '赵敏', '13800010007', 'zhaomin@example.com', '武汉', 'normal', '2024-08-20 13:10:00'),
(8, '黄磊', '13800010008', 'huanglei@example.com', '南京', 'vip', '2024-09-01 10:30:00'),
(9, '周婷', '13800010009', 'zhouting@example.com', '苏州', 'normal', '2024-09-10 15:00:00'),
(10, '吴刚', '13800010010', 'wugang@example.com', '重庆', 'normal', '2024-09-25 11:20:00'),
(11, '徐丽', '13800010011', 'xuli@example.com', '西安', 'vip', '2024-10-01 09:00:00'),
(12, '孙浩', '13800010012', 'sunhao@example.com', '天津', 'normal', '2024-10-12 17:30:00'),
(13, '马超', '13800010013', 'machao@example.com', '青岛', 'normal', '2024-10-20 12:00:00'),
(14, '朱琳', '13800010014', 'zhulin@example.com', '厦门', 'vip', '2024-11-01 10:15:00'),
(15, '胡军', '13800010015', 'hujun@example.com', '长沙', 'normal', '2024-11-08 14:40:00'),
(16, '郭燕', '13800010016', 'guoyan@example.com', '郑州', 'normal', '2024-11-15 16:20:00'),
(17, '何明', '13800010017', 'heming@example.com', '合肥', 'vip', '2024-11-20 08:50:00'),
(18, '高雪', '13800010018', 'gaoxue@example.com', '宁波', 'normal', '2024-12-01 11:00:00'),
(19, '林峰', '13800010019', 'linfeng@example.com', '东莞', 'normal', '2024-12-10 13:30:00'),
(20, '罗敏', '13800010020', 'luomin@example.com', '佛山', 'vip', '2024-12-15 15:45:00');

-- 20 产品
INSERT INTO products (id, sku, name, category, price, stock) VALUES
(1, 'SKU-E001', '无线蓝牙耳机', '数码', 299.00, 120),
(2, 'SKU-E002', '机械键盘', '数码', 459.00, 80),
(3, 'SKU-E003', '27寸显示器', '数码', 1299.00, 45),
(4, 'SKU-E004', '无线鼠标', '数码', 89.00, 200),
(5, 'SKU-E005', 'USB-C 扩展坞', '数码', 199.00, 150),
(6, 'SKU-H001', '空气净化器', '家电', 899.00, 60),
(7, 'SKU-H002', '扫地机器人', '家电', 1599.00, 35),
(8, 'SKU-H003', '电饭煲', '家电', 399.00, 90),
(9, 'SKU-H004', '电热水壶', '家电', 129.00, 180),
(10, 'SKU-H005', '加湿器', '家电', 259.00, 110),
(11, 'SKU-O001', '人体工学椅', '办公', 899.00, 40),
(12, 'SKU-O002', '升降桌', '办公', 1299.00, 25),
(13, 'SKU-O003', '文件柜', '办公', 499.00, 55),
(14, 'SKU-O004', '台灯', '办公', 159.00, 130),
(15, 'SKU-O005', '笔记本支架', '办公', 79.00, 220),
(16, 'SKU-S001', '运动跑鞋', '运动', 599.00, 70),
(17, 'SKU-S002', '瑜伽垫', '运动', 99.00, 160),
(18, 'SKU-S003', '哑铃套装', '运动', 349.00, 50),
(19, 'SKU-S004', '运动水壶', '运动', 59.00, 300),
(20, 'SKU-S005', '健身手环', '运动', 199.00, 95);

-- 60 订单（SO202501001 - SO202501060）
-- status 分布: pending 8, paid 10, shipped 12, completed 24, cancelled 6
INSERT INTO orders (id, order_no, user_id, status, total_amount, created_at, shipped_at) VALUES
(1, 'SO202501001', 1, 'completed', 388.00, '2025-01-02 09:15:00', '2025-01-03 14:00:00'),
(2, 'SO202501002', 2, 'completed', 1299.00, '2025-01-03 10:20:00', '2025-01-04 11:30:00'),
(3, 'SO202501003', 3, 'shipped', 758.00, '2025-01-04 11:00:00', '2025-01-06 09:00:00'),
(4, 'SO202501004', 4, 'paid', 199.00, '2025-01-05 14:30:00', NULL),
(5, 'SO202501005', 5, 'pending', 899.00, '2025-01-06 16:00:00', NULL),
(6, 'SO202501006', 6, 'completed', 588.00, '2025-01-07 08:45:00', '2025-01-08 10:00:00'),
(7, 'SO202501007', 7, 'cancelled', 459.00, '2025-01-08 13:10:00', NULL),
(8, 'SO202501008', 8, 'completed', 1598.00, '2025-01-09 09:30:00', '2025-01-10 15:00:00'),
(9, 'SO202501009', 9, 'shipped', 258.00, '2025-01-10 15:00:00', '2025-01-12 08:00:00'),
(10, 'SO202501010', 10, 'paid', 1299.00, '2025-01-11 11:20:00', NULL),
(11, 'SO202501011', 11, 'completed', 998.00, '2025-01-12 09:00:00', '2025-01-13 14:30:00'),
(12, 'SO202501012', 12, 'pending', 79.00, '2025-01-13 17:30:00', NULL),
(13, 'SO202501013', 13, 'completed', 448.00, '2025-01-14 12:00:00', '2025-01-15 10:00:00'),
(14, 'SO202501014', 14, 'shipped', 1599.00, '2025-01-15 10:15:00', '2025-01-17 09:00:00'),
(15, 'SO202501015', 15, 'completed', 399.00, '2025-01-16 14:40:00', '2025-01-17 16:00:00'),
(16, 'SO202501016', 16, 'paid', 599.00, '2025-01-17 16:20:00', NULL),
(17, 'SO202501017', 17, 'completed', 1298.00, '2025-01-18 08:50:00', '2025-01-19 11:00:00'),
(18, 'SO202501018', 18, 'cancelled', 899.00, '2025-01-19 11:00:00', NULL),
(19, 'SO202501019', 19, 'shipped', 198.00, '2025-01-20 13:30:00', '2025-01-22 10:00:00'),
(20, 'SO202501020', 20, 'completed', 798.00, '2025-01-21 15:45:00', '2025-01-22 14:00:00'),
(21, 'SO202501021', 1, 'paid', 299.00, '2025-01-22 09:00:00', NULL),
(22, 'SO202501022', 2, 'completed', 518.00, '2025-01-23 10:30:00', '2025-01-24 09:00:00'),
(23, 'SO202501023', 3, 'pending', 1299.00, '2025-01-24 11:15:00', NULL),
(24, 'SO202501024', 4, 'completed', 188.00, '2025-01-25 14:00:00', '2025-01-26 10:00:00'),
(25, 'SO202501025', 5, 'shipped', 1158.00, '2025-01-26 16:30:00', '2025-01-28 08:00:00'),
(26, 'SO202501026', 6, 'completed', 259.00, '2025-01-27 08:00:00', '2025-01-28 12:00:00'),
(27, 'SO202501027', 7, 'paid', 349.00, '2025-01-28 13:00:00', NULL),
(28, 'SO202501028', 8, 'completed', 958.00, '2025-01-29 09:45:00', '2025-01-30 15:00:00'),
(29, 'SO202501029', 9, 'cancelled', 599.00, '2025-01-30 15:20:00', NULL),
(30, 'SO202501030', 10, 'completed', 129.00, '2025-01-31 11:00:00', '2025-02-01 09:00:00'),
(31, 'SO202501031', 11, 'shipped', 499.00, '2025-02-01 09:30:00', '2025-02-03 10:00:00'),
(32, 'SO202501032', 12, 'completed', 698.00, '2025-02-02 17:00:00', '2025-02-03 14:00:00'),
(33, 'SO202501033', 13, 'pending', 199.00, '2025-02-03 12:30:00', NULL),
(34, 'SO202501034', 14, 'completed', 1798.00, '2025-02-04 10:00:00', '2025-02-05 11:00:00'),
(35, 'SO202501035', 15, 'paid', 899.00, '2025-02-05 14:00:00', NULL),
(36, 'SO202501036', 16, 'completed', 158.00, '2025-02-06 16:00:00', '2025-02-07 09:00:00'),
(37, 'SO202501037', 17, 'shipped', 1299.00, '2025-02-07 08:30:00', '2025-02-09 08:00:00'),
(38, 'SO202501038', 18, 'completed', 448.00, '2025-02-08 11:00:00', '2025-02-09 15:00:00'),
(39, 'SO202501039', 19, 'cancelled', 259.00, '2025-02-09 13:00:00', NULL),
(40, 'SO202501040', 20, 'completed', 1097.00, '2025-02-10 15:00:00', '2025-02-11 10:00:00'),
(41, 'SO202501041', 1, 'paid', 459.00, '2025-02-11 09:00:00', NULL),
(42, 'SO202501042', 2, 'completed', 898.00, '2025-02-12 10:00:00', '2025-02-13 09:00:00'),
(43, 'SO202501043', 3, 'shipped', 388.00, '2025-02-13 11:00:00', '2025-02-15 08:00:00'),
(44, 'SO202501044', 4, 'pending', 599.00, '2025-02-14 14:00:00', NULL),
(45, 'SO202501045', 5, 'completed', 1599.00, '2025-02-15 16:00:00', '2025-02-16 10:00:00'),
(46, 'SO202501046', 6, 'completed', 378.00, '2025-02-16 08:00:00', '2025-02-17 11:00:00'),
(47, 'SO202501047', 7, 'paid', 89.00, '2025-02-17 13:00:00', NULL),
(48, 'SO202501048', 8, 'completed', 2198.00, '2025-02-18 09:00:00', '2025-02-19 14:00:00'),
(49, 'SO202501049', 9, 'shipped', 799.00, '2025-02-19 15:00:00', '2025-02-21 09:00:00'),
(50, 'SO202501050', 10, 'completed', 498.00, '2025-02-20 11:00:00', '2025-02-21 10:00:00'),
(51, 'SO202501051', 11, 'cancelled', 1299.00, '2025-02-21 09:00:00', NULL),
(52, 'SO202501052', 12, 'completed', 258.00, '2025-02-22 17:00:00', '2025-02-23 09:00:00'),
(53, 'SO202501053', 13, 'pending', 899.00, '2025-02-23 12:00:00', NULL),
(54, 'SO202501054', 14, 'paid', 599.00, '2025-02-24 10:00:00', NULL),
(55, 'SO202501055', 15, 'completed', 658.00, '2025-02-25 14:00:00', '2025-02-26 11:00:00'),
(56, 'SO202501056', 16, 'shipped', 399.00, '2025-02-26 16:00:00', '2025-02-28 08:00:00'),
(57, 'SO202501057', 17, 'completed', 998.00, '2025-02-27 08:00:00', '2025-02-28 10:00:00'),
(58, 'SO202501058', 18, 'paid', 199.00, '2025-02-28 11:00:00', NULL),
(59, 'SO202501059', 19, 'completed', 748.00, '2025-03-01 13:00:00', '2025-03-02 09:00:00'),
(60, 'SO202501060', 20, 'pending', 1299.00, '2025-03-02 15:00:00', NULL);

-- 订单明细（每单 1-2 项，共 90 条）
INSERT INTO order_items (id, order_id, product_id, quantity, unit_price) VALUES
(1, 1, 1, 1, 299.00), (2, 1, 4, 1, 89.00),
(3, 2, 3, 1, 1299.00),
(4, 3, 2, 1, 459.00), (5, 3, 4, 1, 89.00), (6, 3, 15, 1, 79.00), (7, 3, 19, 2, 59.00),
(8, 4, 5, 1, 199.00),
(9, 5, 6, 1, 899.00),
(10, 6, 16, 1, 599.00),
(11, 7, 2, 1, 459.00),
(12, 8, 7, 1, 1599.00),
(13, 9, 10, 1, 259.00),
(14, 10, 12, 1, 1299.00),
(15, 11, 11, 1, 899.00), (16, 11, 14, 1, 159.00),
(17, 12, 15, 1, 79.00),
(18, 13, 17, 1, 99.00), (19, 13, 18, 1, 349.00),
(20, 14, 7, 1, 1599.00),
(21, 15, 8, 1, 399.00),
(22, 16, 16, 1, 599.00),
(23, 17, 3, 1, 1299.00),
(24, 18, 6, 1, 899.00),
(25, 19, 9, 1, 129.00), (26, 19, 19, 1, 59.00),
(27, 20, 1, 1, 299.00), (28, 20, 20, 1, 199.00), (29, 20, 5, 1, 199.00), (30, 20, 14, 2, 159.00),
(31, 21, 1, 1, 299.00),
(32, 22, 2, 1, 459.00), (33, 22, 19, 1, 59.00),
(34, 23, 3, 1, 1299.00),
(35, 24, 4, 2, 89.00),
(36, 25, 11, 1, 899.00), (37, 25, 16, 1, 599.00),
(38, 26, 10, 1, 259.00),
(39, 27, 18, 1, 349.00),
(40, 28, 6, 1, 899.00), (41, 28, 14, 1, 159.00),
(42, 29, 16, 1, 599.00),
(43, 30, 9, 1, 129.00),
(44, 31, 13, 1, 499.00),
(45, 32, 1, 1, 299.00), (46, 32, 20, 2, 199.00),
(47, 33, 5, 1, 199.00),
(48, 34, 7, 1, 1599.00), (49, 34, 15, 1, 79.00), (50, 34, 17, 2, 99.00),
(51, 35, 6, 1, 899.00),
(52, 36, 14, 1, 159.00),
(53, 37, 12, 1, 1299.00),
(54, 38, 17, 1, 99.00), (55, 38, 18, 1, 349.00),
(56, 39, 10, 1, 259.00),
(57, 40, 2, 1, 459.00), (58, 40, 11, 1, 899.00),
(59, 41, 2, 1, 459.00),
(60, 42, 6, 1, 899.00),
(61, 43, 1, 1, 299.00), (62, 43, 4, 1, 89.00),
(63, 44, 16, 1, 599.00),
(64, 45, 7, 1, 1599.00),
(65, 46, 5, 1, 199.00), (66, 46, 15, 1, 79.00), (67, 46, 19, 2, 59.00),
(68, 47, 4, 1, 89.00),
(69, 48, 3, 1, 1299.00), (70, 48, 12, 1, 1299.00),
(71, 49, 11, 1, 899.00),
(72, 50, 13, 1, 499.00),
(73, 51, 3, 1, 1299.00),
(74, 52, 10, 1, 259.00),
(75, 53, 6, 1, 899.00),
(76, 54, 16, 1, 599.00),
(77, 55, 1, 1, 299.00), (78, 55, 20, 1, 199.00), (79, 55, 17, 2, 99.00),
(80, 56, 8, 1, 399.00),
(81, 57, 11, 1, 899.00), (82, 57, 14, 1, 159.00),
(83, 58, 5, 1, 199.00),
(84, 59, 2, 1, 459.00), (85, 59, 18, 1, 349.00),
(86, 60, 3, 1, 1299.00);

-- 10 条投诉
INSERT INTO order_complaints (id, order_id, user_id, type, content, status, created_at, resolved_at) VALUES
(1, 7, 7, 'quality', '机械键盘按键失灵，要求换货', 'resolved', '2025-01-10 10:00:00', '2025-01-15 16:00:00'),
(2, 18, 18, 'refund', '空气净化器噪音过大，申请退款', 'processing', '2025-01-22 14:30:00', NULL),
(3, 29, 9, 'logistics', '跑鞋物流超过7天未更新', 'open', '2025-02-02 09:00:00', NULL),
(4, 39, 19, 'quality', '加湿器出水雾量明显偏小', 'closed', '2025-02-12 11:20:00', '2025-02-20 10:00:00'),
(5, 51, 11, 'service', '客服响应慢，升级投诉', 'processing', '2025-02-23 15:00:00', NULL),
(6, 3, 3, 'logistics', '显示器外包装破损', 'resolved', '2025-01-08 16:00:00', '2025-01-12 09:00:00'),
(7, 14, 14, 'quality', '扫地机器人回充失败', 'open', '2025-01-20 10:00:00', NULL),
(8, 25, 5, 'refund', '人体工学椅与描述不符', 'resolved', '2025-01-30 13:00:00', '2025-02-05 11:00:00'),
(9, 48, 8, 'service', '安装指导文档缺失', 'closed', '2025-02-22 09:30:00', '2025-02-25 14:00:00'),
(10, 5, 5, 'logistics', '空气净化器迟迟未发货', 'open', '2025-01-08 09:00:00', NULL);
